mechanism,projection,mean_mechanism,mean_null,z_score,sign_consistency,verdict,effect_size,selected_submetric,num_submetrics,raw_z,bonferroni_z_threshold,passes_bonferroni,effect_size_d,material,verdict_material
null,LeadingDigit,0.05971144251732498,0.05979099807288053,-0.9137268058581796,0.55,0,-0.28894578656623315,leading_digit_mad,1,-0.9137268058581796,3.090232306167813,False,-0.28894578656623315,True,0
null,TerminalDigit,9.92888,8.738359999999997,0.9095776847461069,0.55,0,0.28763371926602915,terminal_digit_chisq,1,0.9095776847461069,3.090232306167813,False,0.28763371926602915,True,0
null,CentsEntropy,6.6431501898438485,6.643148182118215,0.08882237276607491,0.6,0,0.028088100512130693,cents_entropy,1,0.08882237276607491,3.090232306167813,False,0.028088100512130693,False,0
null,DecimalResidue,0.0026335000000000017,0.002155999999999998,1.5378245602403693,0.7,?,0.4863028252106382,mod5_tv,4,1.5378245602403693,3.4807564043462427,False,0.4863028252106382,True,?
null,VocabGini,0.04622683821402135,0.04598784931642772,1.1266023609763984,0.45,0,0.3562629478008617,vocab_gini,1,1.1266023609763984,3.090232306167813,False,0.3562629478008617,True,0
null,ThresholdDensity,nan,nan,nan,nan,?,nan,n/a,1,nan,3.090232306167813,False,nan,False,?
null,TemporalConcentration,nan,nan,nan,nan,?,nan,n/a,1,nan,3.090232306167813,False,nan,False,?
null,cp_spectrum,0.05440299453067632,0.05456671338851106,-1.9994893068835518,0.65,?,-0.6322940366903411,c2,6,-1.9994893068835518,3.5879146722879613,False,-0.6322940366903411,True,?
null,L_profile,0.6561827674431674,0.655979613134098,1.0534716859625095,0.55,0,0.3331369978139163,L1,4,1.0534716859625095,3.4807564043462427,False,0.3331369978139163,True,0
null,TailMass,0.11515436279002925,0.11527647897016025,-0.8881142371866452,0.5,0,-0.2808463811932809,tail_mass,1,-0.8881142371866452,3.090232306167813,False,-0.2808463811932809,True,0
null,CBAD_a,1.87177715591811e-08,2.849040313168642e-06,-0.9934890767329163,0.5,0,-0.314168831297381,cbad_a,1,-0.9934890767329163,3.090232306167813,False,-0.314168831297381,True,0
null,CBAD_c,0.012998300450593242,0.0130536016630138,-0.30063675326202477,0.4,0,-0.0950696888666054,cbad_c,1,-0.30063675326202477,3.090232306167813,False,-0.0950696888666054,False,0
null,CBAD_R2,0.8983299498056327,0.8995189417925715,-0.18769187176553054,0.55,0,-0.059353381307932544,cbad_r2,1,-0.18769187176553054,3.090232306167813,False,-0.059353381307932544,False,0
null,cp_spectrum_composite,0.05904384393985144,0.05919792323117505,-1.7959273678364707,0.65,?,-0.567922099459427,c2_composite,6,-1.7959273678364707,3.5879146722879613,False,-0.567922099459427,True,?
null,L_profile_composite,0.026216874192112494,0.02624745135753153,-0.5428344722016757,0.55,0,-0.17165933246126522,L4_composite,4,-0.5428344722016757,3.4807564043462427,False,-0.17165933246126522,False,0
null,TailMass_composite,0.12497758799482603,0.1250603317226581,-0.579787018385919,0.5,0,-0.18334475358974248,tail_mass_composite,1,-0.579787018385919,3.090232306167813,False,-0.18334475358974248,False,0
null,prime_fraction,0.0786005,0.078233,1.633366659022976,0.8,?,0.516515889669222,prime_fraction,1,1.633366659022976,3.090232306167813,False,0.516515889669222,True,?
repeated,LeadingDigit,0.07718453890533991,0.060437146323729485,4.448093300510097,0.9,+,1.4066106074547713,leading_digit_mad,1,4.448093300510097,3.090232306167813,True,1.4066106074547713,True,+
repeated,TerminalDigit,27824.88604,7.503436084955895,9.089269504736736,1.0,+,2.874279390207869,terminal_digit_chisq,1,9.089269504736736,3.090232306167813,True,2.874279390207869,True,+
repeated,CentsEntropy,4.902579578423808,6.643146948811443,-63.075515746538905,1.0,+,-19.94622943488788,cents_entropy,1,-63.075515746538905,3.090232306167813,True,-19.94622943488788,True,+
repeated,DecimalResidue,0.644563,0.012588534500773605,107.56930281398154,1.0,+,34.01640032085414,mod100_tv,4,107.56930281398154,3.4807564043462427,True,34.01640032085414,True,+
repeated,VocabGini,0.38043463999999994,0.051274383239818776,51.74441427007265,1.0,+,16.363020528474866,vocab_gini,1,51.74441427007265,3.090232306167813,True,16.363020528474866,True,+
repeated,ThresholdDensity,nan,nan,nan,nan,?,nan,n/a,1,nan,3.090232306167813,False,nan,False,?
repeated,TemporalConcentration,nan,nan,nan,nan,?,nan,n/a,1,nan,3.090232306167813,False,nan,False,?
repeated,cp_spectrum,0.08994230133547548,0.08618295498567967,1.083694162177454,0.55,0,0.3426941839508652,c10,6,1.083694162177454,3.5879146722879613,False,0.3426941839508652,True,0
repeated,L_profile,0.025907765366074226,0.024131907665277456,0.9693187393230536,0.6,0,0.3065254994943869,L4,4,0.9693187393230536,3.4807564043462427,False,0.3065254994943869,True,0
repeated,TailMass,0.11724107583274875,0.1151501772654026,0.46418742602543495,0.5,0,0.14678895274512951,tail_mass,1,0.46418742602543495,3.090232306167813,False,0.14678895274512951,False,0
repeated,CBAD_a,0.15459029965738091,2.2997577924104194e-06,223.35289259023978,1.0,+,70.63038625721029,cbad_a,1,223.35289259023978,3.090232306167813,True,70.63038625721029,True,+
repeated,CBAD_c,0.4089646620722557,0.013151695870911431,75.16265686664585,1.0,+,23.76851906882956,cbad_c,1,75.16265686664585,3.090232306167813,True,23.76851906882956,True,+
repeated,CBAD_R2,0.9984789796857563,0.8998984117483555,22.25919312154046,1.0,+,7.038974914162106,cbad_r2,1,22.25919312154046,3.090232306167813,True,7.038974914162106,True,+
repeated,cp_spectrum_composite,0.09764741958755119,0.09354275520149019,1.1006578499167983,0.55,0,0.3480585730280852,c10_composite,6,1.1006578499167983,3.5879146722879613,False,0.3480585730280852,True,0
repeated,L_profile_composite,0.028105492723386027,0.026191771215187065,0.982839378491271,0.6,0,0.31080110101367203,L4_composite,4,0.982839378491271,3.4807564043462427,False,0.31080110101367203,True,0
repeated,TailMass_composite,0.12724692825755263,0.12498041663737465,0.48057934075847836,0.55,0,0.1519725313218983,tail_mass_composite,1,0.48057934075847836,3.090232306167813,False,0.1519725313218983,False,0
repeated,prime_fraction,0.07830050000000001,0.0786605320192095,-0.04238356026726635,0.4,0,-0.013402858579157656,prime_fraction,1,-0.04238356026726635,3.090232306167813,False,-0.013402858579157656,False,0
round,LeadingDigit,0.059671886961769414,0.059791307669168084,-1.3732095552829613,0.65,0,-0.43424698994010635,leading_digit_mad,1,-1.3732095552829613,3.090232306167813,False,-0.43424698994010635,True,0
round,TerminalDigit,900000.0,8.70867231625145,1055061.8708069595,1.0,+,333639.85841483047,terminal_digit_chisq,1,1055061.8708069595,3.090232306167813,True,333639.85841483047,True,+
round,CentsEntropy,0.0,6.64314952819489,-368281.892642042,1.0,+,-116460.96017464588,cents_entropy,1,-368281.892642042,3.090232306167813,True,-116460.96017464588,True,+
round,DecimalResidue,0.9899999999999997,0.012502717166487773,5417.057582095967,1.0,+,1713.024017570781,mod100_tv,4,5417.057582095967,3.4807564043462427,True,1713.024017570781,True,+
round,VocabGini,0.5030721783251167,0.045874164020249575,1317.650139660142,1.0,+,416.6775600565012,vocab_gini,1,1317.650139660142,3.090232306167813,True,416.6775600565012,True,+
round,ThresholdDensity,nan,nan,nan,nan,?,nan,n/a,1,nan,3.090232306167813,False,nan,False,?
round,TemporalConcentration,nan,nan,nan,nan,?,nan,n/a,1,nan,3.090232306167813,False,nan,False,?
round,cp_spectrum,0.2844484983071422,0.010517289807665541,4081.342238585045,1.0,+,1290.6337384579092,c5sq,6,4081.342238585045,3.5879146722879613,True,1290.6337384579092,True,+
round,L_profile,0.44892352881241343,0.6559962527693303,-1195.7774077060965,1.0,+,-378.1380182923045,L1,4,-1195.7774077060965,3.4807564043462427,True,-378.1380182923045,True,+
round,TailMass,0.2525580109706465,0.1152505072058638,1148.6827543136149,1.0,+,363.24538125866275,tail_mass,1,1148.6827543136149,3.090232306167813,True,363.24538125866275,True,+
round,CBAD_a,0.30478535735219275,7.876201284497271e-07,334.9488731512484,1.0,+,105.9201338864765,cbad_a,1,334.9488731512484,3.090232306167813,True,105.9201338864765,True,+
round,CBAD_c,0.26937496851109166,0.013016883272952876,32.83962046966557,1.0,+,10.384799817963163,cbad_c,1,32.83962046966557,3.090232306167813,True,10.384799817963163,True,+
round,CBAD_R2,0.992607082886759,0.897705905621458,16.861771115934797,1.0,+,5.332160211079305,cbad_r2,1,16.861771115934797,3.090232306167813,True,5.332160211079305,True,+
round,cp_spectrum_composite,0.2844484983071422,0.011411628904494086,3966.9717020547064,1.0,+,1254.4665991927727,c5sq_composite,6,3966.9717020547064,3.5879146722879613,True,1254.4665991927727,True,+
round,L_profile_composite,0.44892352881241343,0.6267452434444117,-1287.3210635383198,1.0,+,-407.0866640691427,L1_composite,4,-1287.3210635383198,3.4807564043462427,True,-407.0866640691427,True,+
round,TailMass_composite,0.2525580109706465,0.1250503077153034,1119.7914038689505,1.0,+,354.10913405033693,tail_mass_composite,1,1119.7914038689505,3.090232306167813,True,354.10913405033693,True,+
round,prime_fraction,0.0,0.07836792747937989,-369.259562230115,1.0,+,-116.77012644438481,prime_fraction,1,-369.259562230115,3.090232306167813,True,-116.77012644438481,True,+
quarter,LeadingDigit,0.059705220295102744,0.059786886961769405,-0.9421509328550034,0.55,0,-0.29793428474741757,leading_digit_mad,1,-0.9421509328550034,3.090232306167813,False,-0.29793428474741757,True,0
quarter,TerminalDigit,399984.68209,8.746089999999999,88345.74195462486,1.0,+,27937.376615411045,terminal_digit_chisq,1,88345.74195462486,3.090232306167813,True,27937.376615411045,True,+
quarter,CentsEntropy,2.000275509887982,6.643192889757972,-77519.67710134161,1.0,+,-24513.874312103886,cents_entropy,1,-77519.67710134161,3.090232306167813,True,-24513.874312103886,True,+
quarter,DecimalResidue,0.9599795,0.012123499999999999,4763.480094334322,1.0,+,1506.3446686970187,mod100_tv,4,4763.480094334322,3.4807564043462427,True,1506.3446686970187,True,+
quarter,VocabGini,0.28898600984509715,0.0458176467919187,1011.6389581006669,1.0,+,319.9083277357754,vocab_gini,1,1011.6389581006669,3.090232306167813,True,319.9083277357754,True,+
quarter,ThresholdDensity,nan,nan,nan,nan,?,nan,n/a,1,nan,3.090232306167813,False,nan,False,?
quarter,TemporalConcentration,nan,nan,nan,nan,?,nan,n/a,1,nan,3.090232306167813,False,nan,False,?
quarter,cp_spectrum,0.26359509109918633,0.010532257930785043,5176.065347281725,1.0,+,1636.8155815280684,c5sq,6,5176.065347281725,3.5879146722879613,True,1636.8155815280684,True,+
quarter,L_profile,0.15373048226938651,0.08749689640866244,887.6072093839792,1.0,+,280.68604492393547,L3,4,887.6072093839792,3.4807564043462427,True,280.68604492393547,True,+
quarter,TailMass,0.20588777168403705,0.11519128229068547,667.8630742985862,1.0,+,211.19684799057936,tail_mass,1,667.8630742985862,3.090232306167813,True,211.19684799057936,True,+
quarter,CBAD_a,0.3135372883863861,3.538236527935233e-07,107.34947277578877,1.0,+,33.946883958973046,cbad_a,1,107.34947277578877,3.090232306167813,True,33.946883958973046,True,+
quarter,CBAD_c,0.13036445128317126,0.013023324553060833,23.943304625353576,1.0,+,7.571537732736184,cbad_c,1,23.943304625353576,3.090232306167813,True,7.571537732736184,True,+
quarter,CBAD_R2,0.9898537147488288,0.8989725922680869,18.66163622159251,1.0,+,5.901327532573103,cbad_r2,1,18.66163622159251,3.090232306167813,True,5.901327532573103,True,+
quarter,cp_spectrum_composite,0.2636004949429761,0.011430886248401578,4937.17352339342,1.0,+,1561.2713537401814,c5sq_composite,6,4937.17352339342,3.5879146722879613,True,1561.2713537401814,True,+
quarter,L_profile_composite,0.15373363337934337,0.09496201684214786,772.077137342193,1.0,+,244.1522283343971,L3_composite,4,772.077137342193,3.4807564043462427,True,244.1522283343971,True,+
quarter,TailMass_composite,0.20589199004829478,0.12501918809914656,596.9248838657164,1.0,+,188.76422250471595,tail_mass_composite,1,596.9248838657164,3.090232306167813,True,188.76422250471595,True,+
quarter,prime_fraction,2.0500000000000004e-05,0.07861150000000001,-386.7684725899543,1.0,+,-122.30693005286585,prime_fraction,1,-386.7684725899543,3.090232306167813,True,-122.30693005286585,True,+
psychological,LeadingDigit,0.05971744251732497,0.0597944441063092,-0.8864230405369824,0.55,0,-0.28031157785486294,leading_digit_mad,1,-0.8864230405369824,3.090232306167813,False,-0.28031157785486294,True,0
psychological,TerminalDigit,419900.83225,7.7307378158689515,3062.57769084274,1.0,+,968.4721014282057,terminal_digit_chisq,1,3062.57769084274,3.090232306167813,True,968.4721014282057,True,+
psychological,CentsEntropy,1.8707037293056357,6.643165642970855,-14676.304114931894,1.0,+,-4641.054863648638,cents_entropy,1,-14676.304114931894,3.090232306167813,True,-4641.054863648638,True,+
psychological,DecimalResidue,0.9600000000000002,0.012366826889613377,8413.85900852046,1.0,+,2660.695837845072,mod100_tv,4,8413.85900852046,3.4807564043462427,True,2660.695837845072,True,+
psychological,VocabGini,0.3285586518957725,0.04587247430499327,1358.7606028477974,1.0,+,429.67782999025087,vocab_gini,1,1358.7606028477974,3.090232306167813,True,429.67782999025087,True,+
psychological,ThresholdDensity,nan,nan,nan,nan,?,nan,n/a,1,nan,3.090232306167813,False,nan,False,?
psychological,TemporalConcentration,nan,nan,nan,nan,?,nan,n/a,1,nan,3.090232306167813,False,nan,False,?
psychological,cp_spectrum,0.0,0.054494060872756364,-869.6835249847231,1.0,+,-275.01807824756787,c2,6,-869.6835249847231,3.5879146722879613,True,-275.01807824756787,True,+
psychological,L_profile,0.07844121150430414,0.08747598765054791,-119.25452097449394,1.0,+,-37.71159075517236,L3,4,-119.25452097449394,3.4807564043462427,True,-37.71159075517236,True,+
psychological,TailMass,0.09850506360728781,0.11511923023582482,-137.01943418355023,1.0,+,-43.32934957275525,tail_mass,1,-137.01943418355023,3.090232306167813,True,-43.32934957275525,True,+
psychological,CBAD_a,0.3309281509731975,1.1147426189645443e-09,112.56500962510441,1.0,+,35.59618152541062,cbad_a,1,112.56500962510441,3.090232306167813,True,35.59618152541062,True,+
psychological,CBAD_c,0.1657476757219451,0.013105607481275395,22.309550073858507,1.0,+,7.054899180697057,cbad_c,1,22.309550073858507,3.090232306167813,True,7.054899180697057,True,+
psychological,CBAD_R2,0.9909363875663677,0.9023324876390875,15.44685694736296,1.0,+,4.884725064446262,cbad_r2,1,15.44685694736296,3.090232306167813,True,4.884725064446262,True,+
psychological,cp_spectrum_composite,0.0,0.05915931763861189,-862.0519212043394,1.0,+,-272.60475323297146,c2_composite,6,-862.0519212043394,3.5879146722879613,True,-272.60475323297146,True,+
psychological,L_profile_composite,0.020854485157780843,0.02619605782999702,-93.02820457714412,1.0,+,-29.418101309987662,L4_composite,4,-93.02820457714412,3.4807564043462427,True,-29.418101309987662,True,+
psychological,TailMass_composite,0.11170513004955598,0.12497458767993144,-99.96495220878698,1.0,+,-31.611693516964674,tail_mass_composite,1,-99.96495220878698,3.090232306167813,True,-31.611693516964674,True,+
psychological,prime_fraction,0.11816850000000001,0.07885873707422444,154.48337488528986,1.0,+,48.851932526716894,prime_fraction,1,154.48337488528986,3.090232306167813,True,48.851932526716894,True,+
threshold,LeadingDigit,0.14531255765318332,0.14531255765318332,0.0,nan,0,0.0,leading_digit_mad,1,0.0,3.090232306167813,False,0.0,False,0
threshold,TerminalDigit,9.166430000000002,8.886370000000001,0.19613252550532362,0.6,0,0.06202255038378898,terminal_digit_chisq,1,0.19613252550532362,3.090232306167813,False,0.06202255038378898,False,0
threshold,CentsEntropy,6.643122671847111,6.64314734811516,-0.7660365287118797,0.45,0,-0.24224202016185106,cents_entropy,1,-0.7660365287118797,3.090232306167813,False,-0.24224202016185106,True,0
threshold,DecimalResidue,0.006403999999999998,0.006190999999999998,0.6190980776487569,0.55,0,0.1957760020401853,mod25_tv,4,0.6190980776487569,3.4807564043462427,False,0.1957760020401853,False,0
threshold,VocabGini,0.23931746076961513,0.23891282058970517,1.826512186938718,0.7,?,0.5775938684781599,vocab_gini,1,1.826512186938718,3.090232306167813,False,0.5775938684781599,True,?
threshold,ThresholdDensity,2.325487618926352,2.3270942984714966,-0.38026334761388425,0.6,0,-0.12024982891402289,threshold_density,1,-0.38026334761388425,3.090232306167813,False,-0.12024982891402289,False,0
threshold,TemporalConcentration,nan,nan,nan,nan,?,nan,n/a,1,nan,3.090232306167813,False,nan,False,?
threshold,cp_spectrum,0.11924537945077511,0.1190504638077595,1.5148781872758044,0.5,?,0.47904654494986465,c10,6,1.5148781872758044,3.5879146722879613,False,0.47904654494986465,True,?
threshold,L_profile,0.013855522612778868,0.013823517024850981,0.8482180386589387,0.65,0,0.2682300954603001,L4,4,0.8482180386589387,3.4807564043462427,False,0.2682300954603001,True,0
threshold,TailMass,0.09252891101359972,0.09251242295530257,0.18352645627764205,0.5,0,0.05803616127366563,tail_mass,1,0.18352645627764205,3.090232306167813,False,0.05803616127366563,False,0
threshold,CBAD_a,0.3426428524644983,0.3445084600191315,-1.1235739727921863,0.6,0,-0.3553052873707365,cbad_a,1,-1.1235739727921863,3.090232306167813,False,-0.3553052873707365,True,0
threshold,CBAD_c,0.2731246835050084,0.2830289163005411,-0.9438510612091824,0.6,0,-0.2984719125388015,cbad_c,1,-0.9438510612091824,3.090232306167813,False,-0.2984719125388015,True,0
threshold,CBAD_R2,0.9948373328200061,0.9941237940664113,0.7088218719671062,0.6,0,0.2241491570760311,cbad_r2,1,0.7088218719671062,3.090232306167813,False,0.2241491570760311,True,0
threshold,cp_spectrum_composite,0.134056954065382,0.13381104610688074,1.8094619768180236,0.6,?,0.572202118621575,c10_composite,6,1.8094619768180236,3.5879146722879613,False,0.572202118621575,True,?
threshold,L_profile_composite,0.26310692561903015,0.2630004066249348,1.0430666322480144,0.7,0,0.3298466309224963,L2_composite,4,1.0430666322480144,3.4807564043462427,False,0.3298466309224963,True,0
threshold,TailMass_composite,0.10402205441954526,0.10398269489341394,0.4019780714074789,0.65,0,0.127116627508944,tail_mass_composite,1,0.4019780714074789,3.090232306167813,False,0.127116627508944,False,0
threshold,prime_fraction,0.110488,0.11030849999999999,0.5941355763047357,0.65,0,0.1878821660059731,prime_fraction,1,0.5941355763047357,3.090232306167813,False,0.1878821660059731,False,0
fiscal,LeadingDigit,0.05971144251732498,0.05979099807288053,-0.9137268058581796,0.55,0,-0.28894578656623315,leading_digit_mad,1,-0.9137268058581796,3.090232306167813,False,-0.28894578656623315,True,0
fiscal,TerminalDigit,9.92888,8.738359999999997,0.9095776847461069,0.55,0,0.28763371926602915,terminal_digit_chisq,1,0.9095776847461069,3.090232306167813,False,0.28763371926602915,True,0
fiscal,CentsEntropy,6.6431501898438485,6.643148182118215,0.08882237276607491,0.6,0,0.028088100512130693,cents_entropy,1,0.08882237276607491,3.090232306167813,False,0.028088100512130693,False,0
fiscal,DecimalResidue,0.0026335000000000017,0.002155999999999998,1.5378245602403693,0.7,?,0.4863028252106382,mod5_tv,4,1.5378245602403693,3.4807564043462427,False,0.4863028252106382,True,?
fiscal,VocabGini,0.04622683821402135,0.04598784931642772,1.1266023609763984,0.45,0,0.3562629478008617,vocab_gini,1,1.1266023609763984,3.090232306167813,False,0.3562629478008617,True,0
fiscal,ThresholdDensity,nan,nan,nan,nan,?,nan,n/a,1,nan,3.090232306167813,False,nan,False,?
fiscal,TemporalConcentration,79919.95660399998,10.886275999999999,423.77410097070793,1.0,+,134.0091372457609,temporal_concentration,1,423.77410097070793,3.090232306167813,True,134.0091372457609,True,+
fiscal,cp_spectrum,0.05440299453067632,0.05456671338851106,-1.9994893068835518,0.65,?,-0.6322940366903411,c2,6,-1.9994893068835518,3.5879146722879613,False,-0.6322940366903411,True,?
fiscal,L_profile,0.6561827674431674,0.655979613134098,1.0534716859625095,0.55,0,0.3331369978139163,L1,4,1.0534716859625095,3.4807564043462427,False,0.3331369978139163,True,0
fiscal,TailMass,0.11515436279002925,0.11527647897016025,-0.8881142371866452,0.5,0,-0.2808463811932809,tail_mass,1,-0.8881142371866452,3.090232306167813,False,-0.2808463811932809,True,0
fiscal,CBAD_a,1.87177715591811e-08,2.849040313168642e-06,-0.9934890767329163,0.5,0,-0.314168831297381,cbad_a,1,-0.9934890767329163,3.090232306167813,False,-0.314168831297381,True,0
fiscal,CBAD_c,0.012998300450593242,0.0130536016630138,-0.30063675326202477,0.4,0,-0.0950696888666054,cbad_c,1,-0.30063675326202477,3.090232306167813,False,-0.0950696888666054,False,0
fiscal,CBAD_R2,0.8983299498056327,0.8995189417925715,-0.18769187176553054,0.55,0,-0.059353381307932544,cbad_r2,1,-0.18769187176553054,3.090232306167813,False,-0.059353381307932544,False,0
fiscal,cp_spectrum_composite,0.05904384393985144,0.05919792323117505,-1.7959273678364707,0.65,?,-0.567922099459427,c2_composite,6,-1.7959273678364707,3.5879146722879613,False,-0.567922099459427,True,?
fiscal,L_profile_composite,0.026216874192112494,0.02624745135753153,-0.5428344722016757,0.55,0,-0.17165933246126522,L4_composite,4,-0.5428344722016757,3.4807564043462427,False,-0.17165933246126522,False,0
fiscal,TailMass_composite,0.12497758799482603,0.1250603317226581,-0.579787018385919,0.5,0,-0.18334475358974248,tail_mass_composite,1,-0.579787018385919,3.090232306167813,False,-0.18334475358974248,False,0
fiscal,prime_fraction,0.0786005,0.078233,1.633366659022976,0.8,?,0.516515889669222,prime_fraction,1,1.633366659022976,3.090232306167813,False,0.516515889669222,True,?
divisibility,LeadingDigit,0.05971110918399164,0.059791442517324975,-0.9232258284316137,0.55,0,-0.29194964125397366,leading_digit_mad,1,-0.9232258284316137,3.090232306167813,False,-0.29194964125397366,True,0
divisibility,TerminalDigit,8.885079999999999,10.127260000000001,-0.8721616039531435,0.6,0,-0.27580171562376476,terminal_digit_chisq,1,-0.8721616039531435,3.090232306167813,False,-0.27580171562376476,True,0
divisibility,CentsEntropy,6.643116791092092,6.643148855196769,-1.1793160405896301,0.7,0,-0.3729324769434813,cents_entropy,1,-1.1793160405896301,3.090232306167813,False,-0.3729324769434813,True,0
divisibility,DecimalResidue,0.012809000000000001,0.012469500000000005,1.316762294500712,0.7,0,0.4163967987651658,mod100_tv,4,1.316762294500712,3.4807564043462427,False,0.4163967987651658,True,0
divisibility,VocabGini,0.20871935939472683,0.04592509776202943,965.2354791206493,1.0,+,305.2342592425151,vocab_gini,1,965.2354791206493,3.090232306167813,True,305.2342592425151,True,+
divisibility,ThresholdDensity,nan,nan,nan,nan,?,nan,n/a,1,nan,3.090232306167813,False,nan,False,?
divisibility,TemporalConcentration,nan,nan,nan,nan,?,nan,n/a,1,nan,3.090232306167813,False,nan,False,?
divisibility,cp_spectrum,0.1784802385638856,0.02543436247798068,2371.727949948717,1.0,+,750.0062312119776,c7,6,2371.727949948717,3.5879146722879613,True,750.0062312119776,True,+
divisibility,L_profile,0.1320760751716322,0.08753214935354262,613.567291422574,1.0,+,194.02701386756277,L3,4,613.567291422574,3.4807564043462427,True,194.02701386756277,True,+
divisibility,TailMass,0.19878622948218166,0.11516752896813243,719.7475928250052,1.0,+,227.6041733750481,tail_mass,1,719.7475928250052,3.090232306167813,True,227.6041733750481,True,+
divisibility,CBAD_a,1.7276016315616382e-06,1.743628800935775e-06,-0.006985138996283035,0.7,0,-0.0022088949001116817,cbad_a,1,-0.006985138996283035,3.090232306167813,False,-0.0022088949001116817,False,0
divisibility,CBAD_c,0.0133527800373821,0.01333359985467027,0.10898520196576736,0.55,0,0.0344641469465285,cbad_c,1,0.10898520196576736,3.090232306167813,False,0.0344641469465285,False,0
divisibility,CBAD_R2,0.9006719940738023,0.909299929273472,-1.5409705309257749,0.65,?,-0.4872976684924385,cbad_r2,1,-1.5409705309257749,3.090232306167813,False,-0.4872976684924385,True,?
divisibility,cp_spectrum_composite,0.1784802385638856,0.027607384066273888,2254.5589082115976,1.0,+,712.9541268971147,c7_composite,6,2254.5589082115976,3.5879146722879613,True,712.9541268971147,True,+
divisibility,L_profile_composite,0.1320760751716322,0.09501057718375197,536.6404589684747,1.0,+,169.70061349385136,L3_composite,4,536.6404589684747,3.4807564043462427,True,169.70061349385136,True,+
divisibility,TailMass_composite,0.19878622948218166,0.1250070473836638,647.8133996570031,1.0,+,204.85658416930707,tail_mass_composite,1,647.8133996570031,3.090232306167813,True,204.85658416930707,True,+
divisibility,prime_fraction,0.0,0.078712,-393.3566457723568,1.0,+,-124.39029334046904,prime_fraction,1,-393.3566457723568,3.090232306167813,True,-124.39029334046904,True,+
product,LeadingDigit,0.01702755748267503,0.05962707230917845,-453.15103430345306,1.0,+,-143.29893924600046,leading_digit_mad,1,-453.15103430345306,3.090232306167813,True,-143.29893924600046,True,+
product,TerminalDigit,45309.29195,8.577129119591195,422.92180548725617,1.0,+,133.73961774904268,terminal_digit_chisq,1,422.92180548725617,3.090232306167813,True,133.73961774904268,True,+
product,CentsEntropy,6.281226170448921,6.64314004391955,-462.25509694124815,1.0,+,-146.17789663562777,cents_entropy,1,-462.25509694124815,3.090232306167813,True,-146.17789663562777,True,+
product,DecimalResidue,0.24954300000000001,0.0036872020520205217,878.8829248142338,1.0,+,277.92718390434965,mod10_tv,4,878.8829248142338,3.4807564043462427,True,277.92718390434965,True,+
product,VocabGini,0.2160837024153524,0.06902069261435397,636.3859181425496,1.0,+,201.24289721879273,vocab_gini,1,636.3859181425496,3.090232306167813,True,201.24289721879273,True,+
product,ThresholdDensity,nan,nan,nan,nan,?,nan,n/a,1,nan,3.090232306167813,False,nan,False,?
product,TemporalConcentration,nan,nan,nan,nan,?,nan,n/a,1,nan,3.090232306167813,False,nan,False,?
product,cp_spectrum,0.11811226228193775,0.05789704489659675,700.8889161313112,1.0,+,221.6405361741674,c2,6,700.8889161313112,3.5879146722879613,True,221.6405361741674,True,+
product,L_profile,0.4356651301774771,0.6590703722279856,-1542.3465372940852,1.0,+,-487.7327999123142,L1,4,-1542.3465372940852,3.4807564043462427,True,-487.7327999123142,True,+
product,TailMass,0.26081812244984326,0.11138184723261861,1309.698293862542,1.0,+,414.1629656242158,tail_mass,1,1309.698293862542,3.090232306167813,True,414.1629656242158,True,+
product,CBAD_a,2.5157332773730118e-05,9.679962688797477e-06,0.8199567351509681,0.4,0,0.2592930865872507,cbad_a,1,0.8199567351509681,3.090232306167813,False,0.2592930865872507,True,0
product,CBAD_c,0.016006862864934367,0.01371111918032975,10.216285082777093,1.0,+,3.2306730087177464,cbad_c,1,10.216285082777093,3.090232306167813,True,3.2306730087177464,True,+
product,CBAD_R2,0.9615891802361514,0.9127667962962729,8.795138035504808,1.0,+,2.7812668527774056,cbad_r2,1,8.795138035504808,3.090232306167813,True,2.7812668527774056,True,+
product,cp_spectrum_composite,0.11811226228193775,0.06317244959341786,637.0919569628801,1.0,+,201.46616629766703,c2_composite,6,637.0919569628801,3.5879146722879613,True,201.46616629766703,True,+
product,L_profile_composite,0.4356651301774771,0.6280056556475568,-1530.9888506275176,1.0,+,-484.1411840306263,L1_composite,4,-1530.9888506275176,3.4807564043462427,True,-484.1411840306263,True,+
product,TailMass_composite,0.26081812244984326,0.12153074360873266,1185.6601089755727,1.0,+,374.9386475166259,tail_mass_composite,1,1185.6601089755727,3.090232306167813,True,374.9386475166259,True,+
product,prime_fraction,0.0,0.08350854266042661,-358.5959167604438,1.0,+,-113.39798565991511,prime_fraction,1,-358.5959167604438,3.090232306167813,True,-113.39798565991511,True,+
fixed_factor,LeadingDigit,0.08661405660436941,0.06954700192711946,240.70493582712064,1.0,+,76.1175841258367,leading_digit_mad,1,240.70493582712064,3.090232306167813,True,76.1175841258367,True,+
fixed_factor,TerminalDigit,150006.50409,8.96771,137558.41576655078,1.0,+,43499.79051467173,terminal_digit_chisq,1,137558.41576655078,3.090232306167813,True,43499.79051467173,True,+
fixed_factor,CentsEntropy,5.3216225537034045,6.643120185092012,-45961.5018629435,1.0,+,-14534.303056897359,cents_entropy,1,-45961.5018629435,3.090232306167813,True,-14534.303056897359,True,+
fixed_factor,DecimalResidue,0.6,0.003786500000000004,3680.047041586623,1.0,+,1163.7330547978113,mod10_tv,4,3680.047041586623,3.4807564043462427,True,1163.7330547978113,True,+
fixed_factor,VocabGini,0.28265544639176243,0.0043419863245320435,1029.4954131998477,1.0,+,325.55503464076935,vocab_gini,1,1029.4954131998477,3.090232306167813,True,325.55503464076935,True,+
fixed_factor,ThresholdDensity,nan,nan,nan,nan,?,nan,n/a,1,nan,3.090232306167813,False,nan,False,?
fixed_factor,TemporalConcentration,nan,nan,nan,nan,?,nan,n/a,1,nan,3.090232306167813,False,nan,False,?
fixed_factor,cp_spectrum,0.0,0.06855721466916338,-1489.197725679503,1.0,+,-470.92566994898516,c10,6,-1489.197725679503,3.5879146722879613,True,-470.92566994898516,True,+
fixed_factor,L_profile,0.4908755764985198,0.2243717299856754,3017.734282044031,1.0,+,954.2913704432101,L2,4,3017.734282044031,3.4807564043462427,True,954.2913704432101,True,+
fixed_factor,TailMass,1.537492355652148e-18,0.12742459493135086,-1462.801027388585,1.0,+,-462.57830101822753,tail_mass,1,-1462.801027388585,3.090232306167813,True,-462.57830101822753,True,+
fixed_factor,CBAD_a,4.187757659950269e-06,2.3083954848995278e-10,1.9012578298901115,0.65,?,0.6012305161681712,cbad_a,1,1.9012578298901115,3.090232306167813,False,0.6012305161681712,True,?
fixed_factor,CBAD_c,0.020043389058798298,0.013190610941927989,33.77819977622842,1.0,+,10.681604655307169,cbad_c,1,33.77819977622842,3.090232306167813,True,10.681604655307169,True,+
fixed_factor,CBAD_R2,0.9686586759088961,0.9052471477553613,11.397120858348304,1.0,+,3.604086068059391,cbad_r2,1,11.397120858348304,3.090232306167813,True,3.604086068059391,True,+
fixed_factor,cp_spectrum_composite,0.0,0.07313796913284405,-1511.123108288522,1.0,+,-477.85908471049964,c10_composite,6,-1511.123108288522,3.5879146722879613,True,-477.85908471049964,True,+
fixed_factor,L_profile_composite,0.4908755764985198,0.2393633813476796,3300.387548790972,1.0,+,1043.6741815439568,L2_composite,4,3300.387548790972,3.4807564043462427,True,1043.6741815439568,True,+
fixed_factor,TailMass_composite,1.537492355652148e-18,0.1359387464741226,-1387.461236141524,1.0,+,-438.75376713999464,tail_mass_composite,1,-1387.461236141524,3.090232306167813,True,-438.75376713999464,True,+
fixed_factor,prime_fraction,0.0,0.06263149999999999,-362.26383507430756,1.0,+,-114.5578832742405,prime_fraction,1,-362.26383507430756,3.090232306167813,True,-114.5578832742405,True,+
temporal_concat,LeadingDigit,0.06592251490470628,0.05980310918399164,2.346585742271412,0.7,?,0.7420555670454521,leading_digit_mad,1,2.346585742271412,3.090232306167813,False,0.7420555670454521,True,?
temporal_concat,TerminalDigit,13667.52838,9.52642,11.605861363317429,1.0,+,3.6700956116230032,terminal_digit_chisq,1,11.605861363317429,3.090232306167813,True,3.6700956116230032,True,+
temporal_concat,CentsEntropy,5.989161544323499,6.6431229024868035,-75.3326249093495,1.0,+,-23.822267683267995,cents_entropy,1,-75.3326249093495,3.090232306167813,True,-23.822267683267995,True,+
temporal_concat,DecimalResidue,0.40892,0.012656499999999998,289.93233851095613,1.0,+,91.68465570335731,mod100_tv,4,289.93233851095613,3.4807564043462427,True,91.68465570335731,True,+
temporal_concat,VocabGini,0.5116036088495066,0.046926861089680895,1290.0737009469815,1.0,+,407.95712444753815,vocab_gini,1,1290.0737009469815,3.090232306167813,True,407.95712444753815,True,+
temporal_concat,ThresholdDensity,nan,nan,nan,nan,?,nan,n/a,1,nan,3.090232306167813,False,nan,False,?
temporal_concat,TemporalConcentration,nan,nan,nan,nan,?,nan,n/a,1,nan,3.090232306167813,False,nan,False,?
temporal_concat,cp_spectrum,0.02217726024089241,0.02544766049627502,-2.6616341896147198,0.75,?,-0.8416826337358996,c7,6,-2.6616341896147198,3.5879146722879613,False,-0.8416826337358996,True,?
temporal_concat,L_profile,0.022440222465937416,0.02416490974247849,-1.4577663581739733,0.6,0,-0.46098619881985714,L4,4,-1.4577663581739733,3.4807564043462427,False,-0.46098619881985714,True,0
temporal_concat,TailMass,0.11097459829067424,0.11518202840430625,-1.116524250844929,0.5,0,-0.35307596954831544,tail_mass,1,-1.116524250844929,3.090232306167813,False,-0.35307596954831544,True,0
temporal_concat,CBAD_a,4.014915499892284e-10,1.911534980993235e-07,-1.3412711612968458,0.5,0,-0.4241471829597115,cbad_a,1,-1.3412711612968458,3.090232306167813,False,-0.4241471829597115,True,0
temporal_concat,CBAD_c,0.03492451293247588,0.01324596540075466,103.9789390840641,1.0,+,32.88102761935446,cbad_c,1,103.9789390840641,3.090232306167813,True,32.88102761935446,True,+
temporal_concat,CBAD_R2,0.45456703715210933,0.9015181117657599,-78.66695498584863,1.0,+,-24.876675434522067,cbad_r2,1,-78.66695498584863,3.090232306167813,True,-24.876675434522067,True,+
temporal_concat,cp_spectrum_composite,0.023851806564487165,0.027613447786367557,-2.7840935608751716,0.75,?,-0.8804076871374189,c7_composite,6,-2.7840935608751716,3.5879146722879613,False,-0.8804076871374189,True,?
temporal_concat,L_profile_composite,0.6337877722941055,0.6268919924394318,1.8229855619660407,0.5,?,0.576478651741471,L1_composite,4,1.8229855619660407,3.4807564043462427,False,0.576478651741471,True,?
temporal_concat,TailMass_composite,0.1191576706129119,0.12498379621376479,-1.4563393903366768,0.5,0,-0.4605349519684911,tail_mass_composite,1,-1.4563393903366768,3.090232306167813,False,-0.4605349519684911,True,0
temporal_concat,prime_fraction,0.068549,0.078426,-2.1251728350917234,0.7,?,-0.6720386580407256,prime_fraction,1,-2.1251728350917234,3.090232306167813,False,-0.6720386580407256,True,?
temporal_concat_arith,LeadingDigit,0.05962322029510274,0.05978810918399163,-1.7475909961423293,0.7,?,-0.5526367966212293,leading_digit_mad,1,-1.7475909961423293,3.090232306167813,False,-0.5526367966212293,True,?
temporal_concat_arith,TerminalDigit,9.685660000000002,10.050449999999998,-0.22362834927729355,0.5,0,-0.07071749330999169,terminal_digit_chisq,1,-0.22362834927729355,3.090232306167813,False,-0.07071749330999169,False,0
temporal_concat_arith,CentsEntropy,6.643171881152862,6.643137028761387,1.0659208893092682,0.55,0,0.33707378157695106,cents_entropy,1,1.0659208893092682,3.090232306167813,False,0.33707378157695106,True,0
temporal_concat_arith,DecimalResidue,0.0028404999999999993,0.002450500000000002,1.4331133656242305,0.6,0,0.45319023806022224,mod5_tv,4,1.4331133656242305,3.4807564043462427,False,0.45319023806022224,True,0
temporal_concat_arith,VocabGini,0.10003289981913381,0.04596323918366809,228.26849939644666,1.0,+,72.18483761615424,vocab_gini,1,228.26849939644666,3.090232306167813,True,72.18483761615424,True,+
temporal_concat_arith,ThresholdDensity,nan,nan,nan,nan,?,nan,n/a,1,nan,3.090232306167813,False,nan,False,?
temporal_concat_arith,TemporalConcentration,nan,nan,nan,nan,?,nan,n/a,1,nan,3.090232306167813,False,nan,False,?
temporal_concat_arith,cp_spectrum,0.10199331965708584,0.02541542491400046,1147.2442465342144,1.0,+,362.790485157185,c7,6,1147.2442465342144,3.5879146722879613,True,362.790485157185,True,+
temporal_concat_arith,L_profile,0.03945431518663936,0.024137154914633523,322.0576602303385,1.0,+,101.84357442324978,L4,4,322.0576602303385,3.4807564043462427,True,101.84357442324978,True,+
temporal_concat_arith,TailMass,0.1568587895259575,0.11518402863344526,331.0413772276952,1.0,+,104.68447517985138,tail_mass,1,331.0413772276952,3.090232306167813,True,104.68447517985138,True,+
temporal_concat_arith,CBAD_a,1.1650388451051662e-10,1.3515933217514975e-06,-1.290416549220698,0.7,0,-0.4080655425912184,cbad_a,1,-1.290416549220698,3.090232306167813,False,-0.4080655425912184,True,0
temporal_concat_arith,CBAD_c,0.013025846324314444,0.013156429187218498,-0.7322401629422152,0.55,0,-0.2315546709150221,cbad_c,1,-0.7322401629422152,3.090232306167813,False,-0.2315546709150221,True,0
temporal_concat_arith,CBAD_R2,0.8985250999057515,0.8953795991053903,0.41174559000413075,0.55,0,0.13020538809429114,cbad_r2,1,0.41174559000413075,3.090232306167813,False,0.13020538809429114,False,0
temporal_concat_arith,cp_spectrum_composite,0.10617178542947259,0.027572981078057484,1183.5144940423168,1.0,+,374.26014449955005,c7_composite,6,1183.5144940423168,3.5879146722879613,True,374.26014449955005,True,+
temporal_concat_arith,L_profile_composite,0.041070687382311566,0.026186211136687853,300.60311894493964,1.0,+,95.05905276165205,L4_composite,4,300.60311894493964,3.4807564043462427,True,95.05905276165205,True,+
temporal_concat_arith,TailMass_composite,0.16328503419584656,0.12496225786121469,297.4973010574458,1.0,+,94.07690690943477,tail_mass_composite,1,297.4973010574458,3.090232306167813,True,94.07690690943477,True,+
temporal_concat_arith,prime_fraction,0.039356,0.0782495,-173.03334503833088,1.0,+,-54.71794814789208,prime_fraction,1,-173.03334503833088,3.090232306167813,True,-54.71794814789208,True,+
sum_of_rounded,LeadingDigit,0.1034945565191153,0.07417299807288051,122.13723927240605,1.0,+,38.62318632257697,leading_digit_mad,1,122.13723927240605,3.090232306167813,True,38.62318632257697,True,+
sum_of_rounded,TerminalDigit,900000.0,9.010459999999998,1419179.1359636954,1.0,+,448783.8477435056,terminal_digit_chisq,1,1419179.1359636954,3.090232306167813,True,448783.8477435056,True,+
sum_of_rounded,CentsEntropy,0.0,6.643117654969414,-269928.8537839553,1.0,+,-85358.99841558587,cents_entropy,1,-269928.8537839553,3.090232306167813,True,-85358.99841558587,True,+
sum_of_rounded,DecimalResidue,0.9,0.0037794999999999994,4580.370644125351,1.0,+,1448.4403763208647,mod10_tv,4,4580.370644125351,3.4807564043462427,True,1448.4403763208647,True,+
sum_of_rounded,VocabGini,0.36426578502500273,0.012709644736119219,1085.0648375425922,1.0,+,343.127629559517,vocab_gini,1,1085.0648375425922,3.090232306167813,True,343.127629559517,True,+
sum_of_rounded,ThresholdDensity,nan,nan,nan,nan,?,nan,n/a,1,nan,3.090232306167813,False,nan,False,?
sum_of_rounded,TemporalConcentration,nan,nan,nan,nan,?,nan,n/a,1,nan,3.090232306167813,False,nan,False,?
sum_of_rounded,cp_spectrum,0.2293873035115673,0.009070339193277828,4619.269086013509,1.0,+,1460.7411437006929,c5sq,6,4619.269086013509,3.5879146722879613,True,1460.7411437006929,True,+
sum_of_rounded,L_profile,0.1737377925872159,0.09002778143331941,1373.5773225029081,1.0,+,434.36328814648436,L3,4,1373.5773225029081,3.4807564043462427,True,434.36328814648436,True,+
sum_of_rounded,TailMass,0.2795311575444974,0.12365354548689944,1452.4778550802178,1.0,+,459.3138273009457,tail_mass,1,1452.4778550802178,3.090232306167813,True,459.3138273009457,True,+
sum_of_rounded,CBAD_a,0.29071640828623496,6.393826585716122e-07,77.01688391927405,1.0,+,24.35487714737016,cbad_a,1,77.01688391927405,3.090232306167813,True,24.35487714737016,True,+
sum_of_rounded,CBAD_c,0.1683509866195503,0.014828848544542408,17.32742185227778,1.0,+,5.479411903177143,cbad_c,1,17.32742185227778,3.090232306167813,True,5.479411903177143,True,+
sum_of_rounded,CBAD_R2,0.9911025181677753,0.9477901303652849,13.699417339434778,1.0,+,4.332136140981794,cbad_r2,1,13.699417339434778,3.090232306167813,True,4.332136140981794,True,+
sum_of_rounded,cp_spectrum_composite,0.2293873035115673,0.009727770536868015,4327.165189600734,1.0,+,1368.369781093267,c5sq_composite,6,4327.165189600734,3.5879146722879613,True,1368.369781093267,True,+
sum_of_rounded,L_profile_composite,0.1737377925872159,0.09655233365090964,1267.5255687900121,1.0,+,400.82677898768736,L3_composite,4,1267.5255687900121,3.4807564043462427,True,400.82677898768736,True,+
sum_of_rounded,TailMass_composite,0.2795311575444974,0.1326150628123322,1363.1950859647584,1.0,+,431.0801366797669,tail_mass_composite,1,1363.1950859647584,3.090232306167813,True,431.0801366797669,True,+
sum_of_rounded,prime_fraction,0.0,0.0675755,-448.5898891709711,1.0,+,-141.8565785102771,prime_fraction,1,-448.5898891709711,3.090232306167813,True,-141.8565785102771,True,+
sum_of_divisibility,LeadingDigit,0.10348788985244864,0.0740066647395472,144.61899785868007,1.0,+,45.73254261644427,leading_digit_mad,1,144.61899785868007,3.090232306167813,True,45.73254261644427,True,+
sum_of_divisibility,TerminalDigit,9.652199999999999,9.664660000000001,-0.009090077400417543,0.5,0,-0.002874534869254185,terminal_digit_chisq,1,-0.009090077400417543,3.090232306167813,False,-0.002874534869254185,False,0
sum_of_divisibility,CentsEntropy,6.643137465531713,6.643116552520425,0.5433022709999634,0.7,0,0.17180726343019312,cents_entropy,1,0.5433022709999634,3.090232306167813,False,0.17180726343019312,False,0
sum_of_divisibility,DecimalResidue,0.012544000000000003,0.012786999999999998,-0.7375685923607531,0.6,0,-0.23323966824642475,mod100_tv,4,-0.7375685923607531,3.4807564043462427,False,-0.23323966824642475,True,0
sum_of_divisibility,VocabGini,0.11744900429356467,0.012690937975988081,518.9839658426663,1.0,+,164.1171401169853,vocab_gini,1,518.9839658426663,3.090232306167813,True,164.1171401169853,True,+
sum_of_divisibility,ThresholdDensity,nan,nan,nan,nan,?,nan,n/a,1,nan,3.090232306167813,False,nan,False,?
sum_of_divisibility,TemporalConcentration,nan,nan,nan,nan,?,nan,n/a,1,nan,3.090232306167813,False,nan,False,?
sum_of_divisibility,cp_spectrum,0.15453707173839654,0.022033660402706552,2591.835529982169,1.0,+,819.6103595293284,c7,6,2591.835529982169,3.5879146722879613,True,819.6103595293284,True,+
sum_of_divisibility,L_profile,0.05822264346703494,0.028154923717667167,516.7982404996065,1.0,+,163.42595307462312,L4,4,516.7982404996065,3.4807564043462427,True,163.42595307462312,True,+
sum_of_divisibility,TailMass,0.2017846438124203,0.12365870396366059,568.3859549357601,1.0,+,179.7394207646825,tail_mass,1,568.3859549357601,3.090232306167813,True,179.7394207646825,True,+
sum_of_divisibility,CBAD_a,3.6268183195966364e-05,6.811909634527543e-06,1.1117991679982764,0.65,0,0.35158176715547407,cbad_a,1,1.1117991679982764,3.090232306167813,False,0.35158176715547407,True,0
sum_of_divisibility,CBAD_c,0.015450762641422987,0.01481235922675507,3.55597159548784,0.8,?,1.1244969536604505,cbad_c,1,3.55597159548784,3.090232306167813,True,1.1244969536604505,True,?
sum_of_divisibility,CBAD_R2,0.963174578230763,0.9454407209784961,5.153253066943385,0.85,+,1.6296017050789253,cbad_r2,1,5.153253066943385,3.090232306167813,True,1.6296017050789253,True,+
sum_of_divisibility,cp_spectrum_composite,0.15453707173839654,0.023627633589643853,2506.0494315711526,1.0,+,792.4824132735122,c7_composite,6,2506.0494315711526,3.5879146722879613,True,792.4824132735122,True,+
sum_of_divisibility,L_profile_composite,0.05822264346703494,0.030191745799748405,480.695845006434,1.0,+,152.00937319996083,L4_composite,4,480.695845006434,3.4807564043462427,True,152.00937319996083,True,+
sum_of_divisibility,TailMass_composite,0.2017846438124203,0.13260463843273115,516.8477523027425,1.0,+,163.44161008152025,tail_mass_composite,1,516.8477523027425,3.090232306167813,True,163.44161008152025,True,+
sum_of_divisibility,prime_fraction,0.0,0.067464,-307.69455470767264,1.0,+,-97.30156165075303,prime_fraction,1,-307.69455470767264,3.090232306167813,True,-97.30156165075303,True,+
